USER_LATITUDE,USER_LONGITUDE
48.29488094100792,14.316052641396293
48.28616979453791,14.294045360788397
48.28221037072569,14.301944801387375
48.302574969179275,14.29192871553514
48.30322583030767,14.29794325031743
48.275903296391995,14.292944710495055
48.28872221815604,14.29374317418744
48.28743194732775,14.311015565606228
48.29462353120033,14.302855110806206
48.27540474785459,14.323234510637459
